Position,Const,Created,Modified,Description,Title,Original Title,URL,Title Type,IMDb Rating,Runtime (mins),Year,Genres,Num Votes,Release Date,Directors,Your Rating,Date Rated
1,tt0489099,2024-11-25,2024-11-25,,"Jumper","Jumper",https://www.imdb.com/title/tt0489099/,Movie,6.1,88,2008,"Action, Adventure, Sci-Fi, Thriller",339298,2008-02-14,"Doug Liman",,
2,tt0099088,2024-12-30,2024-12-30,,"Back to the Future Part III","Back to the Future Part III",https://www.imdb.com/title/tt0099088/,Movie,7.5,118,1990,"Adventure, Comedy, Sci-Fi, Western",524898,1990-05-25,"Robert Zemeckis",,
3,tt3110958,2024-12-30,2024-12-30,,"Now You See Me 2","Now You See Me 2",https://www.imdb.com/title/tt3110958/,Movie,6.4,129,2016,"Action, Adventure, Comedy, Crime, Mystery, Thriller",364899,2016-06-10,"Jon M. Chu",,
4,tt16426418,2024-12-30,2024-12-30,,"Challengers","Challengers",https://www.imdb.com/title/tt16426418/,Movie,7.0,131,2024,"Comedy, Drama, Romance, Sport",183238,2024-04-26,"Luca Guadagnino",,
5,tt0068646,2024-12-30,2024-12-30,,"The Godfather","The Godfather",https://www.imdb.com/title/tt0068646/,Movie,9.2,175,1972,"Crime, Drama",2248374,1972-03-24,"Francis Ford Coppola",,
6,tt15398776,2024-12-30,2024-12-30,,"Oppenheimer","Oppenheimer",https://www.imdb.com/title/tt15398776/,Movie,8.2,180,2023,"Biography, Drama, History",1087092,2023-07-21,"Christopher Nolan",,
7,tt10919420,2024-12-30,2024-12-30,,"Squid Game","Ojing-eo geim",https://www.imdb.com/title/tt10919420/,TV Series,7.9,60,2021,"Action, Crime, Drama, Mystery, Thriller",772990,2021-09-17,,,
8,tt1266020,2024-12-30,2024-12-30,,"Parks and Recreation","Parks and Recreation",https://www.imdb.com/title/tt1266020/,TV Series,8.6,22,2009,"Comedy",318227,2009-04-09,,,
9,tt1439629,2024-12-30,2024-12-30,,"Community","Community",https://www.imdb.com/title/tt1439629/,TV Series,8.5,22,2009,"Comedy",313591,2009-09-17,,,
10,tt4270492,2024-12-30,2024-12-30,,"Billions","Billions",https://www.imdb.com/title/tt4270492/,TV Series,8.3,60,2016,"Drama",118818,2016-01-01,,,
11,tt3581920,2024-12-30,2024-12-30,,"The Last of Us","The Last of Us",https://www.imdb.com/title/tt3581920/,TV Series,8.4,50,2023,"Action, Adventure, Drama, Horror, Sci-Fi, Thriller",747111,2023-01-15,,6,2025-07-07
12,tt28015403,2024-12-30,2024-12-30,,"Heretic","Heretic",https://www.imdb.com/title/tt28015403/,Movie,7.0,111,2024,"Horror, Thriller",235806,2024-11-08,"Scott Beck, Bryan Woods",,
13,tt0099785,2024-12-30,2024-12-30,,"Home Alone","Home Alone",https://www.imdb.com/title/tt0099785/,Movie,7.8,103,1990,"Comedy, Family",752371,1990-11-16,"Chris Columbus",,
14,tt2085059,2024-12-30,2024-12-30,,"Black Mirror","Black Mirror",https://www.imdb.com/title/tt2085059/,TV Series,8.7,60,2011,"Crime, Drama, Mystery, Sci-Fi, Thriller",745832,2011-12-04,,8,2025-07-07
15,tt6966692,2024-12-30,2024-12-30,,"Green Book","Green Book",https://www.imdb.com/title/tt6966692/,Movie,8.2,130,2018,"Biography, Comedy, Drama, Music",699583,2018-11-16,"Peter Farrelly",,
16,tt0167260,2024-12-30,2024-12-30,,"The Lord of the Rings: The Return of the King","The Lord of the Rings: The Return of the King",https://www.imdb.com/title/tt0167260/,Movie,9.0,201,2003,"Adventure, Drama, Fantasy",2185969,2003-12-17,"Peter Jackson",,
17,tt0169547,2024-12-30,2024-12-30,,"American Beauty","American Beauty",https://www.imdb.com/title/tt0169547/,Movie,8.3,122,1999,"Drama",1285948,1999-10-01,"Sam Mendes",,
18,tt0844471,2025-01-05,2025-01-05,,"Cloudy with a Chance of Meatballs","Cloudy with a Chance of Meatballs",https://www.imdb.com/title/tt0844471/,Movie,6.9,90,2009,"Animation, Adventure, Comedy, Family, Fantasy, Sci-Fi",289120,2009-09-18,"Phil Lord, Christopher Miller",,
19,tt1985966,2025-01-05,2025-01-05,,"Cloudy with a Chance of Meatballs 2","Cloudy with a Chance of Meatballs 2",https://www.imdb.com/title/tt1985966/,Movie,6.3,95,2013,"Animation, Adventure, Comedy, Family, Fantasy, Sci-Fi",127152,2013-09-27,"Cody Cameron, Kris Pearn",,
20,tt13186482,2025-01-05,2025-01-05,,"Mufasa: The Lion King","Mufasa: The Lion King",https://www.imdb.com/title/tt13186482/,Movie,6.6,118,2024,"Animation, Adventure, Drama, Family, Musical",84254,2024-12-20,"Barry Jenkins",,
21,tt29242846,2025-01-10,2025-01-10,,"The Children's Train","Il treno dei bambini",https://www.imdb.com/title/tt29242846/,Movie,7.4,106,2024,"Drama, History",10344,2024-12-04,"Cristina Comencini",,
22,tt16277242,2025-01-10,2025-01-10,,"Society of the Snow","La sociedad de la nieve",https://www.imdb.com/title/tt16277242/,Movie,7.8,144,2023,"Adventure, Biography, Drama, History, Thriller",176792,2024-01-04,"J.A. Bayona",,
23,tt12888462,2025-01-10,2025-01-10,,"My Octopus Teacher","My Octopus Teacher",https://www.imdb.com/title/tt12888462/,Movie,8.1,85,2020,"Documentary, Drama",72324,2020-09-07,"Pippa Ehrlich, James Reed",,
24,tt7979580,2025-03-24,2025-03-24,,"The Mitchells vs. the Machines","The Mitchells vs the Machines",https://www.imdb.com/title/tt7979580/,Movie,7.6,114,2021,"Animation, Adventure, Comedy, Family, Sci-Fi",144306,2021-04-30,"Michael Rianda, Jeff Rowe",,
25,tt7784604,2025-03-24,2025-03-24,,"Hereditary","Hereditary",https://www.imdb.com/title/tt7784604/,Movie,7.3,127,2018,"Drama, Horror, Mystery, Thriller",466670,2018-06-08,"Ari Aster",,
26,tt8772262,2025-03-24,2025-03-24,,"Midsommar","Midsommar",https://www.imdb.com/title/tt8772262/,Movie,7.1,148,2019,"Drama, Horror, Mystery, Thriller",494802,2019-07-03,"Ari Aster",,
27,tt0085794,2025-03-24,2025-03-24,,"The King of Comedy","The King of Comedy",https://www.imdb.com/title/tt0085794/,Movie,7.8,109,1982,"Comedy, Crime, Drama, Thriller",135003,1982-12-18,"Martin Scorsese",,
28,tt0075314,2025-03-24,2025-03-24,,"Taxi Driver","Taxi Driver",https://www.imdb.com/title/tt0075314/,Movie,8.2,114,1976,"Crime, Drama",1038244,1976-02-09,"Martin Scorsese",,
29,tt0110912,2025-03-24,2025-03-24,,"Pulp Fiction","Pulp Fiction",https://www.imdb.com/title/tt0110912/,Movie,8.8,154,1994,"Crime, Drama",2459676,1994-10-14,"Quentin Tarantino",,
30,tt16300962,2025-03-24,2025-03-24,,"When Evil Lurks","Cuando acecha la maldad",https://www.imdb.com/title/tt16300962/,Movie,6.9,99,2023,"Horror",63621,2023-10-27,"Demián Rugna",,
31,tt1305806,2025-03-24,2025-03-24,,"The Secret in Their Eyes","El secreto de sus ojos",https://www.imdb.com/title/tt1305806/,Movie,8.2,129,2009,"Drama, Mystery, Romance, Thriller",244638,2010-05-21,"Juan José Campanella",,
32,tt0109830,2025-03-29,2025-03-29,,"Forrest Gump","Forrest Gump",https://www.imdb.com/title/tt0109830/,Movie,8.8,142,1994,"Drama, Romance",2525487,1994-07-06,"Robert Zemeckis",,
33,tt0420223,2025-03-29,2025-03-29,,"Stranger Than Fiction","Stranger Than Fiction",https://www.imdb.com/title/tt0420223/,Movie,7.5,113,2006,"Comedy, Drama, Fantasy, Romance",246513,2006-11-10,"Marc Forster",,
34,tt0097165,2025-03-29,2025-03-29,,"Dead Poets Society","Dead Poets Society",https://www.imdb.com/title/tt0097165/,Movie,8.1,128,1989,"Comedy, Drama",665125,1989-06-09,"Peter Weir",,
35,tt0449059,2025-03-29,2025-03-29,,"Little Miss Sunshine","Little Miss Sunshine",https://www.imdb.com/title/tt0449059/,Movie,7.8,101,2006,"Comedy, Drama",564199,2006-08-18,"Jonathan Dayton, Valerie Faris",,
36,tt0120762,2025-04-19,2025-04-19,,"Mulan","Mulan",https://www.imdb.com/title/tt0120762/,Movie,7.7,87,1998,"Animation, Adventure, Comedy, Family, Fantasy, Musical, War",349936,1998-06-19,"Tony Bancroft, Barry Cook",,
37,tt3011894,2025-04-19,2025-04-19,,"Wild Tales","Relatos salvajes",https://www.imdb.com/title/tt3011894/,Movie,8.1,122,2014,"Comedy, Drama, Thriller",240795,2014-08-21,"Damián Szifron",,
38,tt8105234,2025-06-08,2025-06-08,,"Flamin' Hot","Flamin' Hot",https://www.imdb.com/title/tt8105234/,Movie,6.8,99,2023,"Biography, Drama, History",21716,2023-06-09,"Eva Longoria",,
39,tt0168122,2025-06-08,2025-06-08,,"Pirates of Silicon Valley","Pirates of Silicon Valley",https://www.imdb.com/title/tt0168122/,TV Movie,7.2,95,1999,"Biography, Drama, History",26278,1999-06-20,"Martyn Burke, Dorine Maze",,
40,tt2005151,2025-06-08,2025-06-08,,"War Dogs","War Dogs",https://www.imdb.com/title/tt2005151/,Movie,7.1,114,2016,"Biography, Comedy, Crime, Drama, War",306249,2016-08-19,"Todd Phillips",,
41,tt2080374,2025-06-08,2025-06-08,,"Steve Jobs","Steve Jobs",https://www.imdb.com/title/tt2080374/,Movie,7.2,122,2015,"Biography, Drama",188083,2015-10-23,"Danny Boyle",,
42,tt4276820,2025-06-08,2025-06-08,,"The Founder","The Founder",https://www.imdb.com/title/tt4276820/,Movie,7.2,115,2016,"Biography, Drama",208127,2017-01-20,"John Lee Hancock",,
43,tt16419074,2025-06-08,2025-06-08,,"Air","Air",https://www.imdb.com/title/tt16419074/,Movie,7.4,111,2023,"Drama, Sport",197943,2023-04-05,"Ben Affleck",,
44,tt1285016,2025-06-08,2025-06-08,,"The Social Network","The Social Network",https://www.imdb.com/title/tt1285016/,Movie,7.8,120,2010,"Biography, Drama",826541,2010-10-01,"David Fincher",6,2024-12-30
45,tt2278388,2025-06-08,2025-06-08,,"The Grand Budapest Hotel","The Grand Budapest Hotel",https://www.imdb.com/title/tt2278388/,Movie,8.1,99,2014,"Comedy, Drama",983763,2014-03-28,"Wes Anderson",,
46,tt4698684,2025-06-08,2025-06-08,,"Hunt for the Wilderpeople","Hunt for the Wilderpeople",https://www.imdb.com/title/tt4698684/,Movie,7.8,101,2016,"Adventure, Comedy, Drama, Family",155480,2016-07-01,"Taika Waititi",,
47,tt4034354,2025-06-08,2025-06-08,,"Swiss Army Man","Swiss Army Man",https://www.imdb.com/title/tt4034354/,Movie,6.9,97,2016,"Comedy, Drama, Fantasy, Romance",142344,2016-07-01,"Daniel Kwan, Daniel Scheinert",,
48,tt1109624,2025-06-08,2025-06-08,,"Paddington","Paddington",https://www.imdb.com/title/tt1109624/,Movie,7.3,95,2014,"Adventure, Comedy, Family, Fantasy",158289,2015-01-16,"Paul King",,
49,tt4468740,2025-06-08,2025-06-08,,"Paddington 2","Paddington 2",https://www.imdb.com/title/tt4468740/,Movie,7.8,103,2017,"Adventure, Comedy, Family",115760,2018-01-12,"Paul King",,
50,tt4082744,2025-06-08,2025-06-08,,"Detectorists","Detectorists",https://www.imdb.com/title/tt4082744/,TV Series,8.6,30,2014,"Comedy",26874,2014-10-02,,,
51,tt4189492,2025-06-08,2025-06-08,,"Man Seeking Woman","Man Seeking Woman",https://www.imdb.com/title/tt4189492/,TV Series,7.8,21,2015,"Comedy, Fantasy, Romance",11734,2015-01-14,,,
52,tt3032476,2025-07-07,2025-07-07,,"Better Call Saul","Better Call Saul",https://www.imdb.com/title/tt3032476/,TV Series,9.0,45,2015,"Crime, Drama",856780,2015-02-08,,,
53,tt26743210,2025-07-07,2025-07-07,,"How to Train Your Dragon","How to Train Your Dragon",https://www.imdb.com/title/tt26743210/,Movie,7.7,125,2025,"Action, Adventure, Comedy, Drama, Family, Fantasy",140142,2025-06-13,"Dean DeBlois",,
54,tt11655566,2025-07-07,2025-07-07,,"Lilo & Stitch","Lilo & Stitch",https://www.imdb.com/title/tt11655566/,Movie,6.7,108,2025,"Action, Adventure, Comedy, Drama, Family, Fantasy, Sci-Fi",97892,2025-05-23,"Dean Fleischer Camp",,
55,tt0137523,2025-07-07,2025-07-07,,"Fight Club","Fight Club",https://www.imdb.com/title/tt0137523/,Movie,8.8,139,1999,"Crime, Drama, Thriller",2649574,1999-10-15,"David Fincher",,
56,tt0804484,2025-07-07,2025-07-07,,"Foundation","Foundation",https://www.imdb.com/title/tt0804484/,TV Series,7.6,60,2021,"Drama, Sci-Fi",128279,2021-09-24,,,
57,tt2442560,2025-07-07,2025-07-07,,"Peaky Blinders","Peaky Blinders",https://www.imdb.com/title/tt2442560/,TV Series,8.7,60,2013,"Crime, Drama",788790,2014-09-30,,,
58,tt7660850,2025-07-07,2025-07-07,,"Succession","Succession",https://www.imdb.com/title/tt7660850/,TV Series,8.8,60,2018,"Comedy, Drama",364591,2018-06-03,,,
59,tt2741602,2025-07-07,2025-07-07,,"The Blacklist","The Blacklist",https://www.imdb.com/title/tt2741602/,TV Series,7.9,43,2013,"Crime, Drama, Mystery, Thriller",303158,2013-09-23,,,
60,tt0338459,2025-07-07,2025-07-07,,"Spy Kids 3: Game Over","Spy Kids 3: Game Over",https://www.imdb.com/title/tt0338459/,Movie,4.4,84,2003,"Action, Adventure, Comedy, Family, Sci-Fi",72013,2003-07-25,"Robert Rodriguez",,
61,tt14452776,2025-07-27,2025-07-27,,"The Bear","The Bear",https://www.imdb.com/title/tt14452776/,TV Series,8.5,1611,2022,"Comedy, Drama",322173,2022-06-23,,,
62,tt11379026,2025-07-27,2025-07-27,,"Ghosts","Ghosts",https://www.imdb.com/title/tt11379026/,TV Series,7.9,21,2021,"Comedy, Fantasy",50853,2021-10-07,,,
63,tt28607951,2025-07-27,2025-07-27,,"Anora","Anora",https://www.imdb.com/title/tt28607951/,Movie,7.4,139,2024,"Comedy, Drama, Romance",303257,2024-11-08,"Sean Baker",,
64,tt0399295,2025-08-02,2025-08-02,,"Lord of War","Lord of War",https://www.imdb.com/title/tt0399295/,Movie,7.6,122,2005,"Crime, Drama",361898,2005-09-16,"Andrew Niccol",,
65,tt12299608,2025-08-03,2025-08-03,,"Mickey 17","Mickey 17",https://www.imdb.com/title/tt12299608/,Movie,6.7,137,2025,"Adventure, Comedy, Fantasy, Sci-Fi",258532,2025-03-07,"Bong Joon Ho",,
66,tt0780504,2025-08-09,2025-08-09,,"Drive","Drive",https://www.imdb.com/title/tt0780504/,Movie,7.8,100,2011,"Action, Drama",771587,2011-09-16,"Nicolas Winding Refn",,
67,tt8740614,2025-08-17,2025-08-17,,"The Residence","The Residence",https://www.imdb.com/title/tt8740614/,TV Mini Series,7.7,50,2025,"Comedy, Crime, Drama, Mystery",64949,2025-03-20,,,
68,tt15943826,2025-08-29,2025-08-29,,"Love Is Blind: Japan","Love Is Blind: Japan",https://www.imdb.com/title/tt15943826/,TV Series,7.0,50,2022,"Reality-TV, Romance",1202,2022-02-08,,,
69,tt28613536,2025-09-07,2025-09-07,,"Bob Trevino Likes It","Bob Trevino Likes It",https://www.imdb.com/title/tt28613536/,Movie,7.4,101,2024,"Comedy, Drama",8254,2025-03-20,"Tracie Laymon",,
70,tt21822078,2025-09-11,2025-09-11,,"The Mole","The Mole",https://www.imdb.com/title/tt21822078/,TV Series,7.5,45,2022,"Adventure, Game-Show, Mystery, Reality-TV",5909,2022-10-07,,,
71,tt9581768,2025-09-11,2025-09-11,,"The Circle","The Circle",https://www.imdb.com/title/tt9581768/,TV Series,7.2,48,2020,"Game-Show, Reality-TV",9378,2020-01-01,,,
72,tt1994702,2025-09-12,2025-09-12,,"The Man of Your Dreams","El hombre de tu vida",https://www.imdb.com/title/tt1994702/,TV Mini Series,8.0,45,2011,"Comedy, Romance",644,2011-07-17,,7,2025-12-30
73,tt4411504,2025-09-12,2025-09-12,,"The Clan","El Clan",https://www.imdb.com/title/tt4411504/,Movie,6.9,108,2015,"Biography, Crime, Drama, Thriller",15312,2015-08-13,"Pablo Trapero",,
74,tt31909270,2025-10-02,2025-10-02,,"Swiped","Swiped",https://www.imdb.com/title/tt31909270/,Movie,6.5,110,2025,"Biography, Drama, History",9199,2025-09-19,"Rachel Lee Goldenberg",,
75,tt0117381,2025-10-05,2025-10-05,,"Primal Fear","Primal Fear",https://www.imdb.com/title/tt0117381/,Movie,7.7,129,1996,"Crime, Drama, Mystery, Thriller",294030,1996-04-03,"Gregory Hoblit",,
76,tt6867482,2025-10-11,2025-11-27,,"Drops of God","Les Gouttes de Dieu",https://www.imdb.com/title/tt6867482/,TV Series,8.0,,2023,"Drama",18462,2023-04-21,,,
77,tt1049413,2025-10-11,2025-10-11,,"Up","Up",https://www.imdb.com/title/tt1049413/,Movie,8.3,96,2009,"Animation, Adventure, Comedy, Drama, Family",1251377,2009-05-29,"Pete Docter, Bob Peterson",,
78,tt30253473,2025-10-11,2025-10-11,,"Materialists","Materialists",https://www.imdb.com/title/tt30253473/,Movie,6.2,116,2025,"Comedy, Drama, Romance",104976,2025-06-13,"Celine Song",,
79,tt30459041,2025-10-11,2025-10-11,,"Your Friends & Neighbors","Your Friends & Neighbors",https://www.imdb.com/title/tt30459041/,TV Series,7.6,,2025,"Crime, Drama",65534,2025-04-11,,,
80,tt7203552,2025-10-11,2025-10-11,,"The Morning Show","The Morning Show",https://www.imdb.com/title/tt7203552/,TV Series,8.1,60,2019,"Drama",151704,2019-11-01,,,
81,tt2575988,2025-10-12,2025-10-12,,"Silicon Valley","Silicon Valley",https://www.imdb.com/title/tt2575988/,TV Series,8.5,30,2014,"Comedy",183850,2014-04-06,,,
82,tt27444205,2025-10-12,2025-10-12,,"Paradise","Paradise",https://www.imdb.com/title/tt27444205/,TV Series,7.9,,2025,"Action, Drama, Mystery, Sci-Fi, Thriller",87415,2025-01-26,,,
83,tt1160419,2025-10-25,2025-10-25,,"Dune: Part One","Dune: Part One",https://www.imdb.com/title/tt1160419/,Movie,8.0,155,2021,"Action, Adventure, Drama, Sci-Fi",1084480,2021-10-22,"Denis Villeneuve",,
84,tt2267998,2025-10-26,2025-10-26,,"Gone Girl","Gone Girl",https://www.imdb.com/title/tt2267998/,Movie,8.1,149,2014,"Drama, Mystery, Thriller",1183106,2014-10-03,"David Fincher",,
85,tt0993846,2025-10-26,2025-10-26,,"The Wolf of Wall Street","The Wolf of Wall Street",https://www.imdb.com/title/tt0993846/,Movie,8.2,180,2013,"Biography, Comedy, Crime, Drama",1817435,2013-12-25,"Martin Scorsese",,
86,tt0395169,2025-10-26,2025-10-26,,"Hotel Rwanda","Hotel Rwanda",https://www.imdb.com/title/tt0395169/,Movie,8.1,121,2004,"Biography, Drama, History, War",394167,2005-02-04,"Terry George",,
87,tt0325980,2025-10-26,2025-10-26,,"Pirates of the Caribbean: The Curse of the Black Pearl","Pirates of the Caribbean: The Curse of the Black Pearl",https://www.imdb.com/title/tt0325980/,Movie,8.1,143,2003,"Action, Adventure, Fantasy",1341243,2003-07-09,"Gore Verbinski",,
88,tt1895587,2025-10-26,2025-10-26,,"Spotlight","Spotlight",https://www.imdb.com/title/tt1895587/,Movie,8.1,129,2015,"Biography, Crime, Drama",539395,2015-11-20,"Tom McCarthy",,
89,tt1843230,2025-10-26,2025-10-26,,"Once Upon a Time","Once Upon a Time",https://www.imdb.com/title/tt1843230/,TV Series,7.6,60,2011,"Adventure, Fantasy, Romance",249055,2011-10-23,,,
90,tt1289403,2025-11-02,2025-11-02,,"The Guernsey Literary and Potato Peel Pie Society","The Guernsey Literary & Potato Peel Pie Society",https://www.imdb.com/title/tt1289403/,Movie,7.3,124,2018,"Drama, Romance, War",58413,2018-08-10,"Mike Newell",,
91,tt0253474,2025-11-02,2025-11-02,,"The Pianist","The Pianist",https://www.imdb.com/title/tt0253474/,Movie,8.5,150,2002,"Biography, Drama, Music, War",1021515,2003-03-28,"Roman Polanski",,
92,tt13366604,2025-11-02,2025-11-02,,"Platonic","Platonic",https://www.imdb.com/title/tt13366604/,TV Series,7.2,30,2023,"Comedy, Romance",28231,2023-05-24,,,
93,tt0245429,2025-11-02,2025-11-02,,"Spirited Away","Sen to Chihiro no kamikakushi",https://www.imdb.com/title/tt0245429/,Movie,8.6,124,2001,"Animation, Adventure, Family, Fantasy",980771,2003-03-28,"Hayao Miyazaki",,
94,tt9415632,2025-11-04,2025-11-04,,"Merlí. Sapere Aude","Merlí. Sapere Aude",https://www.imdb.com/title/tt9415632/,TV Series,7.7,50,2019,"Comedy, Drama",4389,2021-03-02,,,
95,tt22898462,2025-11-04,2025-11-04,,"The Conjuring: Last Rites","The Conjuring: Last Rites",https://www.imdb.com/title/tt22898462/,Movie,6.2,135,2025,"Horror, Mystery, Thriller",107913,2025-09-05,"Michael Chaves",,
96,tt2584384,2025-11-04,2025-11-04,,"Jojo Rabbit","Jojo Rabbit",https://www.imdb.com/title/tt2584384/,Movie,7.9,108,2019,"Comedy, Drama, War",492758,2019-11-08,"Taika Waititi",,
97,tt2906216,2025-11-07,2025-11-07,,"Dungeons & Dragons: Honor Among Thieves","Dungeons & Dragons: Honor Among Thieves",https://www.imdb.com/title/tt2906216/,Movie,7.2,134,2023,"Action, Adventure, Comedy, Fantasy",277032,2023-03-31,"John Francis Daley, Jonathan Goldstein",,
98,tt5439796,2025-11-07,2025-11-07,,"Logan Lucky","Logan Lucky",https://www.imdb.com/title/tt5439796/,Movie,7.0,118,2017,"Action, Comedy, Crime, Drama",177950,2017-08-18,"Steven Soderbergh",,
99,tt10872600,2025-11-07,2025-11-07,,"Spider-Man: No Way Home","Spider-Man: No Way Home",https://www.imdb.com/title/tt10872600/,Movie,8.1,148,2021,"Action, Adventure, Fantasy, Sci-Fi",1062121,2021-12-17,"Jon Watts",,
100,tt0948470,2025-11-08,2025-11-08,,"The Amazing Spider-Man","The Amazing Spider-Man",https://www.imdb.com/title/tt0948470/,Movie,7.0,136,2012,"Action, Sci-Fi",782831,2012-07-03,"Marc Webb",,
101,tt1872181,2025-11-08,2025-11-08,,"The Amazing Spider-Man 2","The Amazing Spider-Man 2",https://www.imdb.com/title/tt1872181/,Movie,6.6,142,2014,"Action, Adventure, Sci-Fi",604367,2014-05-02,"Marc Webb",,
102,tt6320628,2025-11-08,2025-11-08,,"Spider-Man: Far from Home","Spider-Man: Far from Home",https://www.imdb.com/title/tt6320628/,Movie,7.3,129,2019,"Action, Adventure, Comedy, Fantasy, Sci-Fi",667952,2019-07-02,"Jon Watts",,
103,tt7826376,2025-11-08,2025-11-08,,"Upload","Upload",https://www.imdb.com/title/tt7826376/,TV Series,7.7,30,2020,"Comedy, Mystery, Sci-Fi",91034,2020-05-01,,7,2025-11-08
104,tt1731141,2025-11-23,2025-11-23,,"Ender's Game","Ender's Game",https://www.imdb.com/title/tt1731141/,Movie,6.6,114,2013,"Action, Adventure, Sci-Fi",266181,2013-11-01,"Gavin Hood",,
105,tt27205918,2025-12-14,2025-12-14,,"Chimp Empire","Chimp Empire",https://www.imdb.com/title/tt27205918/,TV Mini Series,8.2,50,2023,"Documentary",4232,2023-04-19,,7,2026-08-18
106,tt26443597,2026-01-02,2026-01-02,,"Zootopia 2","Zootopia 2",https://www.imdb.com/title/tt26443597/,Movie,7.3,108,2025,"Animation, Adventure, Comedy, Crime, Family, Mystery",151318,2025-11-26,"Jared Bush, Byron Howard",,
107,tt1757678,2026-02-08,2026-02-08,,"Avatar: Fire and Ash","Avatar: Fire and Ash",https://www.imdb.com/title/tt1757678/,Movie,7.2,197,2025,"Action, Adventure, Drama, Fantasy, Sci-Fi",205555,2025-12-19,"James Cameron",,
108,tt22202452,2026-03-12,2026-03-12,,"Pluribus","Pluribus",https://www.imdb.com/title/tt22202452/,TV Series,7.9,60,2025,"Drama, Sci-Fi",169523,2025-11-07,,,
109,tt1475582,2026-03-12,2026-03-12,,"Sherlock","Sherlock",https://www.imdb.com/title/tt1475582/,TV Series,9.0,90,2010,"Crime, Drama, Mystery, Thriller",1096942,2010-10-24,,,
110,tt3526078,2026-03-12,2026-03-12,,"Schitt's Creek","Schitt$ Creek",https://www.imdb.com/title/tt3526078/,TV Series,8.5,22,2015,"Comedy",176157,2015-02-11,,,
111,tt2861424,2026-03-12,2026-03-12,,"Rick and Morty","Rick and Morty",https://www.imdb.com/title/tt2861424/,TV Series,9.0,23,2013,"Animation, Adventure, Comedy, Sci-Fi",708219,2013-12-02,,7,2025-07-07
112,tt6226232,2026-03-12,2026-03-12,,"Young Sheldon","Young Sheldon",https://www.imdb.com/title/tt6226232/,TV Series,7.8,30,2017,"Comedy",151633,2017-09-25,,,
113,tt5555260,2026-03-12,2026-03-12,,"This Is Us","This Is Us",https://www.imdb.com/title/tt5555260/,TV Series,8.7,45,2016,"Comedy, Drama, Romance",175985,2016-09-20,,,
114,tt3920596,2026-03-12,2026-03-12,,"Big Little Lies","Big Little Lies",https://www.imdb.com/title/tt3920596/,TV Series,8.4,50,2017,"Crime, Drama, Mystery",247252,2017-02-19,,,
115,tt2699128,2026-03-12,2026-03-12,,"The Leftovers","The Leftovers",https://www.imdb.com/title/tt2699128/,TV Series,8.3,60,2014,"Drama, Fantasy, Mystery, Thriller",133445,2014-06-29,,,
116,tt2249364,2026-03-12,2026-03-12,,"Broadchurch","Broadchurch",https://www.imdb.com/title/tt2249364/,TV Series,8.3,48,2013,"Crime, Drama, Mystery",143649,2013-08-07,,,
117,tt1856010,2026-03-12,2026-03-12,,"House of Cards","House of Cards",https://www.imdb.com/title/tt1856010/,TV Series,8.6,50,2013,"Drama, Thriller",562226,2013-02-01,,,
118,tt6048596,2026-03-12,2026-03-12,,"The Sinner","The Sinner",https://www.imdb.com/title/tt6048596/,TV Series,7.8,45,2017,"Crime, Drama, Mystery, Thriller",153648,2017-08-02,,,
119,tt7493974,2026-03-12,2026-03-12,,"Bodyguard","Bodyguard",https://www.imdb.com/title/tt7493974/,TV Mini Series,8.0,60,2018,"Crime, Drama, Mystery, Thriller",172458,2018-10-24,,,
120,tt2431438,2026-03-12,2026-03-12,,"Sense8","Sense8",https://www.imdb.com/title/tt2431438/,TV Series,8.2,60,2015,"Drama, Mystery, Sci-Fi, Thriller",172477,2015-06-05,,,
121,tt12004706,2026-03-12,2026-03-12,,"Panchayat","Panchayat",https://www.imdb.com/title/tt12004706/,TV Series,9.0,,2020,"Comedy, Drama",119205,2020-03-05,,,
122,tt5691552,2026-03-12,2026-03-12,,"The Orville","The Orville",https://www.imdb.com/title/tt5691552/,TV Series,8.0,45,2017,"Adventure, Comedy, Sci-Fi",110400,2017-09-10,,,
123,tt11737520,2026-03-14,2026-03-14,,"One Piece","One Piece",https://www.imdb.com/title/tt11737520/,TV Series,8.3,60,2023,"Action, Adventure, Comedy, Drama, Fantasy",210177,2023-08-31,,,
124,tt23735438,2026-03-26,2026-03-26,,"Love Is Blind: Sweden","Love Is Blind: Sverige",https://www.imdb.com/title/tt23735438/,TV Series,6.5,50,2024,"Game-Show, Reality-TV, Romance",1208,2024-01-12,,,
125,tt15018224,2026-03-26,2026-03-26,,"Love Is Blind: Brazil","Casamento às Cegas: Brasil",https://www.imdb.com/title/tt15018224/,TV Series,6.2,60,2021,"Reality-TV, Romance",1062,2021-10-06,,,
126,tt6741278,2026-05-03,2026-05-03,,"Invincible","Invincible",https://www.imdb.com/title/tt6741278/,TV Series,8.7,50,2021,"Animation, Action, Adventure, Drama, Fantasy, Sci-Fi, Thriller",350348,2021-03-26,,,
127,tt0095765,2026-05-25,2026-05-25,,"Cinema Paradiso","Nuovo Cinema Paradiso",https://www.imdb.com/title/tt0095765/,Movie,8.5,174,1988,"Drama, Romance",319627,1990-02-23,"Giuseppe Tornatore",,
128,tt0116282,2026-05-25,2026-05-25,,"Fargo","Fargo",https://www.imdb.com/title/tt0116282/,Movie,8.1,98,1996,"Crime, Drama, Thriller",793672,1996-04-05,"Joel Coen, Ethan Coen",,
129,tt1196946,2026-05-25,2026-05-25,,"The Mentalist","The Mentalist",https://www.imdb.com/title/tt1196946/,TV Series,8.2,43,2008,"Crime, Drama, Mystery, Thriller",242433,2008-09-23,,,
130,tt24950660,2026-05-25,2026-05-25,,"Eternity","Eternity",https://www.imdb.com/title/tt24950660/,Movie,6.9,114,2025,"Comedy, Drama, Fantasy, Romance",66191,2025-11-26,"David Freyne",,
131,tt1570728,2026-05-25,2026-05-25,,"Crazy, Stupid, Love.","Crazy, Stupid, Love.",https://www.imdb.com/title/tt1570728/,Movie,7.4,118,2011,"Comedy, Drama, Romance",626998,2011-07-29,"Glenn Ficarra, John Requa",,
132,tt1684562,2026-05-25,2026-05-25,,"The Fall Guy","The Fall Guy",https://www.imdb.com/title/tt1684562/,Movie,6.8,126,2024,"Action, Comedy, Drama, Romance",272261,2024-05-03,"David Leitch",,
133,tt3799694,2026-05-25,2026-05-25,,"The Nice Guys","The Nice Guys",https://www.imdb.com/title/tt3799694/,Movie,7.4,116,2016,"Action, Comedy, Crime, Mystery, Thriller",422733,2016-05-20,"Shane Black",,
134,tt1596363,2026-05-25,2026-05-25,,"The Big Short","The Big Short",https://www.imdb.com/title/tt1596363/,Movie,7.8,130,2015,"Biography, Comedy, Drama, History",545740,2015-12-23,"Adam McKay",,
135,tt0485947,2026-05-25,2026-05-25,,"Mr. Nobody","Mr. Nobody",https://www.imdb.com/title/tt0485947/,Movie,7.7,141,2009,"Drama, Fantasy, Romance, Sci-Fi",258897,2013-09-26,"Jaco Van Dormael",,
136,tt0452694,2026-05-25,2026-05-25,,"The Time Traveler's Wife","The Time Traveler's Wife",https://www.imdb.com/title/tt0452694/,Movie,7.1,107,2009,"Drama, Fantasy, Romance, Sci-Fi",167027,2009-08-14,"Robert Schwentke",1,2026-08-16
137,tt8488126,2026-05-26,2026-05-26,,"The Inventor: Out for Blood in Silicon Valley","The Inventor: Out for Blood in Silicon Valley",https://www.imdb.com/title/tt8488126/,Movie,7.2,119,2019,"Documentary, Crime",16542,2019-03-18,"Alex Gibney",,
138,tt35052852,2026-06-07,2026-06-07,,"Rafa","Rafa",https://www.imdb.com/title/tt35052852/,TV Series,8.5,60,2026,"Documentary, Biography, Sport",4650,2026-05-29,,,
139,tt7204348,2026-06-09,2026-06-09,,"El Angel","El ángel",https://www.imdb.com/title/tt7204348/,Movie,6.9,118,2018,"Biography, Crime, Drama",12463,2018-11-09,"Luis Ortega",,
140,tt0368530,2026-06-15,2026-06-15,,"One Tree Hill","One Tree Hill",https://www.imdb.com/title/tt0368530/,TV Series,7.8,60,2003,"Drama, Romance, Sport",95653,2003-09-23,,,
141,tt27543632,2026-07-05,2026-07-05,,"The Housemaid","The Housemaid",https://www.imdb.com/title/tt27543632/,Movie,6.7,131,2025,"Drama, Mystery, Thriller",188247,2025-12-19,"Paul Feig",,
142,tt0212671,2026-07-05,2026-07-05,,"Malcolm in the Middle","Malcolm in the Middle",https://www.imdb.com/title/tt0212671/,TV Series,8.2,22,2000,"Comedy, Drama, Family",162245,2000-01-09,,,
143,tt0405422,2026-07-09,2026-07-09,,"The 40-Year-Old Virgin","The 40 Year Old Virgin",https://www.imdb.com/title/tt0405422/,Movie,7.1,116,2005,"Comedy, Romance",506541,2005-08-19,"Judd Apatow",,
144,tt0425123,2026-07-09,2026-07-09,,"Just Like Heaven","Just Like Heaven",https://www.imdb.com/title/tt0425123/,Movie,6.7,95,2005,"Comedy, Drama, Fantasy, Romance",127901,2005-09-16,"Mark Waters",,
145,tt0337563,2026-07-09,2026-07-09,,"13 Going on 30","13 Going on 30",https://www.imdb.com/title/tt0337563/,Movie,6.4,98,2004,"Comedy, Fantasy, Romance",251921,2004-04-23,"Gary Winick",,
146,tt0388125,2026-07-09,2026-07-09,,"In Her Shoes","In Her Shoes",https://www.imdb.com/title/tt0388125/,Movie,6.5,130,2005,"Comedy, Drama, Romance",69571,2005-10-07,"Curtis Hanson",,
147,tt7846844,2026-07-10,2026-07-10,,"Enola Holmes","Enola Holmes",https://www.imdb.com/title/tt7846844/,Movie,6.7,123,2020,"Adventure, Crime, Drama, Mystery",254204,2020-09-23,"Harry Bradbeer",,
148,tt4614584,2026-07-10,2026-07-10,,"Purple Hearts","Purple Hearts",https://www.imdb.com/title/tt4614584/,Movie,6.7,122,2022,"Drama, Music, Romance",73907,2022-07-29,"Elizabeth Allen Rosenbaum",,
149,tt5013056,2026-07-17,2026-07-17,,"Dunkirk","Dunkirk",https://www.imdb.com/title/tt5013056/,Movie,7.8,106,2017,"Action, Drama, History, Thriller, War",822987,2017-07-21,"Christopher Nolan",8,2026-07-17
150,tt15047880,2026-07-21,2026-07-21,,"Disclosure Day","Disclosure Day",https://www.imdb.com/title/tt15047880/,Movie,6.4,145,2026,"Action, Drama, Mystery, Sci-Fi, Thriller",139535,2026-06-12,"Steven Spielberg",,
151,tt29355505,2026-07-21,2026-07-21,,"Toy Story 5","Toy Story 5",https://www.imdb.com/title/tt29355505/,Movie,7.4,102,2026,"Animation, Adventure, Comedy, Drama, Family, Fantasy",66556,2026-06-19,"Andrew Stanton, McKenna Harris",,
152,tt22084616,2026-07-21,2026-07-21,,"Spider-Man: Brand New Day","Spider-Man: Brand New Day",https://www.imdb.com/title/tt22084616/,Movie,8.1,145,2026,"Action, Adventure, Sci-Fi",236389,2026-07-31,"Destin Daniel Cretton",,
153,tt0120737,2026-07-21,2026-07-21,,"The Lord of the Rings: The Fellowship of the Ring","The Lord of the Rings: The Fellowship of the Ring",https://www.imdb.com/title/tt0120737/,Movie,8.9,178,2001,"Adventure, Drama, Fantasy",2229279,2001-12-19,"Peter Jackson",,
154,tt1235841,2026-07-22,2026-07-22,,"Sidewalls","Medianeras",https://www.imdb.com/title/tt1235841/,Movie,7.5,95,2011,"Comedy, Drama",17575,2011-10-26,"Gustavo Taretto",,
155,tt0445922,2026-07-31,2026-07-31,,"Across the Universe","Across the Universe",https://www.imdb.com/title/tt0445922/,Movie,7.3,133,2007,"Drama, Fantasy, History, Music, Musical, Romance",118099,2007-10-12,"Julie Taymor",,
156,tt8579674,2026-07-31,2026-07-31,,"1917","1917",https://www.imdb.com/title/tt8579674/,Movie,8.2,119,2019,"Drama, War",782621,2020-01-10,"Sam Mendes",7,2025-11-04
157,tt27165187,2026-07-31,2026-07-31,,"The End of Oak Street","The End of Oak Street",https://www.imdb.com/title/tt27165187/,Movie,6.6,99,2026,"Action, Adventure, Mystery, Sci-Fi, Thriller",17435,2026-08-14,"David Robert Mitchell",,
158,tt32547691,2026-08-16,2026-08-16,,"Pressure","Pressure",https://www.imdb.com/title/tt32547691/,Movie,7.3,100,2026,"Drama, History, Thriller, War",22567,2026-05-29,"Anthony Maras",,
159,tt6233538,2026-08-16,2026-08-16,,"Roman Empire","Roman Empire",https://www.imdb.com/title/tt6233538/,TV Series,7.1,45,2016,"Documentary, Biography, Drama, History, War",10455,2016-11-11,,,
